{"cameraMode":{"drawMode":0,"name":"Shaded","section":"Shading Mode"},"sceneLighting":false,"audioPlay":false,"sceneViewState":{"showFog":true,"showMaterialUpdate":false,"showSkybox":true,"showFlares":true,"showImageEffects":true,"showParticleSystems":true},"in2DMode":false,"pivot":{"x":1.2105722427368165,"y":0.1669788360595703,"z":6.504161357879639},"rotation":{"x":-0.2330532819032669,"y":-0.6966886520385742,"z":0.258908212184906,"w":-0.6271185278892517},"size":8.210687637329102,"orthographic":false}